{"cameraMode":{"drawMode":0,"name":"Shaded","section":"Shading Mode"},"sceneLighting":true,"audioPlay":false,"sceneViewState":{"showFog":false,"showMaterialUpdate":false,"showSkybox":true,"showFlares":false,"showImageEffects":false,"showParticleSystems":false},"in2DMode":false,"pivot":{"x":-0.18015766143798829,"y":0.6899822950363159,"z":-0.6629999876022339},"rotation":{"x":0.04260661453008652,"y":-0.5078418254852295,"z":0.025158535689115526,"w":0.8600322604179382},"size":0.8660253882408142,"orthographic":false}